Local Time,AQI,CO,NO2,O3,PM10,PM25,SO2,Clouds,Precipitation,Pressure,Relative Humidity,Temperature,Wind Speed
2026-01-01 00:00:00,120.16666666666667,526.3333333333334,29.45,53.333333333333336,38.03333333333333,37.06666666666666,29.21666666666667,84.5,0.06666666666666667,1011.3833333333333,96.33333333333333,18.866666666666667,9.4
2026-01-01 06:00:00,108.5,671.8333333333334,33.083333333333336,61.333333333333336,33.75,32.86666666666667,36.266666666666666,98.33333333333333,0.15,1014.7333333333332,91.66666666666667,19.516666666666666,8.25
2026-01-01 12:00:00,97.83333333333333,626.5,23.683333333333334,74.0,22.633333333333336,22.25,29.71666666666667,95.83333333333333,0.3,1014.5166666666668,78.83333333333333,21.633333333333336,12.633333333333333
2026-01-01 18:00:00,87.0,832.8333333333334,17.35,60.666666666666664,13.083333333333334,12.916666666666666,26.266666666666666,100.0,0.25,1017.5833333333334,82.16666666666667,18.216666666666665,17.116666666666667
2026-01-02 00:00:00,75.33333333333333,682.1666666666666,16.833333333333332,48.0,17.933333333333334,17.683333333333334,29.433333333333337,100.0,0.11666666666666665,1018.9833333333332,81.66666666666667,16.216666666666665,12.283333333333333
2026-01-02 06:00:00,67.5,825.8333333333334,21.2,32.5,22.433333333333334,22.349999999999998,33.6,100.0,0.05000000000000001,1022.2333333333335,79.66666666666667,15.616666666666667,13.383333333333333
2026-01-02 12:00:00,63.333333333333336,847.1666666666666,23.933333333333334,35.666666666666664,24.316666666666666,24.066666666666666,39.53333333333333,100.0,0.0,1020.9333333333334,68.83333333333333,16.2,11.283333333333333
2026-01-02 18:00:00,70.33333333333333,1157.1666666666667,29.36666666666667,24.5,37.38333333333333,37.03333333333333,42.233333333333334,100.0,0.0,1022.5666666666666,73.83333333333333,14.799999999999999,7.683333333333334
2026-01-03 00:00:00,82.33333333333333,680.0,25.366666666666664,22.666666666666668,36.15,35.833333333333336,38.18333333333333,100.0,0.0,1022.6833333333334,77.0,13.9,6.8
2026-01-03 06:00:00,90.0,867.0,29.7,22.5,33.266666666666666,33.083333333333336,50.75,86.33333333333333,0.0,1023.4,71.5,15.166666666666666,7.083333333333333
2026-01-03 12:00:00,98.33333333333333,687.5,31.3,43.0,45.65,45.26666666666667,54.28333333333333,100.0,0.0,1019.5833333333334,66.0,18.116666666666667,5.8500000000000005
2026-01-03 18:00:00,113.66666666666667,833.3333333333334,62.21666666666667,15.333333333333334,67.68333333333334,67.46666666666665,58.21666666666667,98.0,0.0,1019.8166666666666,80.33333333333333,16.616666666666667,6.6000000000000005
2026-01-04 00:00:00,134.66666666666666,863.0,56.85,19.166666666666668,77.5,77.06666666666666,57.833333333333336,97.16666666666667,0.0,1019.5333333333333,86.33333333333333,15.200000000000001,2.4833333333333334
2026-01-04 06:00:00,152.16666666666666,1356.1666666666667,57.199999999999996,16.333333333333332,62.31666666666666,61.68333333333334,70.06666666666666,87.33333333333333,0.05000000000000001,1020.6166666666667,83.66666666666667,16.05,4.2
2026-01-04 12:00:00,154.0,774.3333333333334,38.26666666666667,63.333333333333336,43.96666666666667,43.21666666666667,48.050000000000004,83.66666666666667,0.0,1016.9166666666666,71.83333333333333,20.75,4.1499999999999995
2026-01-04 18:00:00,154.0,808.3333333333334,69.38333333333334,17.666666666666668,76.96666666666667,75.83333333333333,52.25,94.0,0.0,1017.9666666666667,92.16666666666667,17.75,9.799999999999999
2026-01-05 00:00:00,154.33333333333334,630.0,52.416666666666664,18.166666666666668,61.21666666666666,59.88333333333333,39.800000000000004,99.83333333333333,0.11666666666666668,1018.7833333333333,93.66666666666667,16.933333333333334,8.316666666666666
2026-01-05 06:00:00,148.83333333333334,850.1666666666666,24.583333333333332,28.333333333333332,24.5,24.316666666666666,33.98333333333333,100.0,0.09999999999999999,1021.4499999999999,82.33333333333333,16.05,16.849999999999998
2026-01-05 12:00:00,131.16666666666666,709.5,19.366666666666667,39.833333333333336,16.55,16.416666666666668,31.666666666666668,100.0,0.0,1020.6166666666667,69.16666666666667,15.466666666666667,14.216666666666667
2026-01-05 18:00:00,108.33333333333333,1034.8333333333333,22.96666666666667,35.833333333333336,22.983333333333334,22.916666666666668,33.699999999999996,100.0,0.0,1022.1999999999999,74.83333333333333,14.549999999999999,8.383333333333333
2026-01-06 00:00:00,84.33333333333333,771.6666666666666,20.166666666666668,36.666666666666664,40.18333333333333,40.050000000000004,33.199999999999996,100.0,0.0,1023.0500000000001,76.83333333333333,13.666666666666666,11.466666666666667
2026-01-06 06:00:00,78.5,768.3333333333334,21.033333333333335,36.833333333333336,23.233333333333334,23.183333333333334,32.38333333333333,100.0,0.0,1026.4166666666667,71.33333333333333,13.583333333333334,14.216666666666667
2026-01-06 12:00:00,80.33333333333333,663.1666666666666,13.549999999999999,59.666666666666664,20.266666666666666,20.150000000000002,22.099999999999998,94.83333333333333,0.0,1025.1666666666667,62.0,14.283333333333333,12.583333333333334
2026-01-06 18:00:00,82.66666666666667,1482.5,39.13333333333333,27.166666666666668,39.733333333333334,39.483333333333334,45.98333333333333,63.333333333333336,0.0,1026.0666666666666,76.66666666666667,13.75,4.0
2026-01-07 00:00:00,91.5,832.5,40.050000000000004,13.333333333333334,45.6,45.46666666666667,46.050000000000004,15.5,0.0,1026.0166666666667,94.33333333333333,11.6,7.45
2026-01-07 06:00:00,97.16666666666667,833.0,25.483333333333334,43.333333333333336,37.333333333333336,36.833333333333336,41.583333333333336,4.333333333333333,0.0,1027.2,69.5,13.9,8.1
2026-01-07 12:00:00,100.16666666666667,715.5,9.516666666666667,113.33333333333333,23.933333333333334,23.349999999999998,25.116666666666664,0.0,0.0,1023.2166666666667,47.666666666666664,18.400000000000002,5.283333333333333
2026-01-07 18:00:00,115.0,3520.3333333333335,64.35000000000001,34.333333333333336,94.81666666666666,93.89999999999999,60.449999999999996,0.16666666666666666,0.0,1024.3999999999999,74.0,14.366666666666667,3.15
2026-01-08 00:00:00,147.0,1356.8333333333333,54.1,15.0,94.66666666666667,93.91666666666667,46.699999999999996,5.166666666666667,0.0,1025.7833333333333,82.66666666666667,11.466666666666667,6.216666666666666
2026-01-08 06:00:00,155.33333333333334,960.1666666666666,39.71666666666667,47.666666666666664,69.2,68.41666666666667,54.15,0.3333333333333333,0.0,1027.8833333333334,71.5,13.683333333333332,6.516666666666666
2026-01-08 12:00:00,158.0,664.6666666666666,10.766666666666666,121.0,27.2,26.78333333333333,27.133333333333336,0.3333333333333333,0.0,1023.35,45.5,19.316666666666666,4.8
2026-01-08 18:00:00,158.5,2671.5,68.51666666666667,36.833333333333336,103.64999999999999,103.13333333333333,62.050000000000004,66.33333333333333,0.0,1022.8666666666667,73.5,14.716666666666667,3.783333333333333
2026-01-09 00:00:00,160.5,1188.6666666666667,59.0,17.333333333333332,120.08333333333333,119.23333333333333,59.65,85.83333333333333,0.0,1022.4499999999999,91.83333333333333,11.283333333333333,2.9166666666666665
2026-01-09 06:00:00,165.16666666666666,1515.6666666666667,55.9,39.666666666666664,124.5,123.60000000000001,93.66666666666667,58.666666666666664,0.0,1024.0,81.5,13.633333333333333,2.3666666666666667
2026-01-09 12:00:00,172.16666666666666,720.1666666666666,25.183333333333334,135.5,68.56666666666666,68.05,60.9,76.5,0.0,1020.0,49.5,19.866666666666664,2.4833333333333334
2026-01-09 18:00:00,177.33333333333334,1565.6666666666667,77.7,52.0,134.76666666666665,134.29999999999998,75.5,24.5,0.0,1019.9333333333334,69.66666666666667,15.5,6.683333333333334
2026-01-10 00:00:00,178.33333333333334,930.8333333333334,59.85,18.666666666666668,101.51666666666667,99.96666666666665,55.416666666666664,26.666666666666668,0.0,1018.9333333333334,92.33333333333333,12.116666666666667,5.233333333333333
2026-01-10 06:00:00,175.16666666666666,1512.5,49.46666666666667,40.5,96.93333333333334,94.0,70.93333333333334,7.833333333333333,0.0,1020.3333333333334,82.83333333333333,14.083333333333334,3.7000000000000006
2026-01-10 12:00:00,172.33333333333334,628.0,23.183333333333334,132.5,55.11666666666667,54.28333333333333,46.71666666666667,1.8333333333333333,0.0,1018.3166666666666,48.166666666666664,20.95,4.416666666666667
2026-01-10 18:00:00,170.0,2086.5,87.21666666666665,39.0,133.33333333333334,132.79999999999998,74.55,17.666666666666668,0.0,1020.85,74.33333333333333,16.216666666666665,4.916666666666667
2026-01-11 00:00:00,174.33333333333334,1770.6666666666667,78.16666666666667,10.166666666666666,158.5666666666667,157.93333333333334,69.28333333333335,67.0,0.0,1022.8333333333334,91.33333333333333,13.366666666666667,3.266666666666667
2026-01-11 06:00:00,181.16666666666666,1221.1666666666667,44.96666666666667,52.166666666666664,130.28333333333333,129.65,70.58333333333333,22.0,0.0,1024.45,72.0,15.833333333333334,6.3999999999999995
2026-01-11 12:00:00,183.33333333333334,660.0,13.683333333333332,157.16666666666666,59.550000000000004,59.31666666666666,40.199999999999996,15.5,0.0,1020.35,42.833333333333336,21.816666666666666,4.8
2026-01-11 18:00:00,185.16666666666666,1376.8333333333333,89.26666666666667,50.333333333333336,144.26666666666668,144.06666666666666,78.93333333333334,2.1666666666666665,0.0,1019.7666666666665,67.16666666666667,16.766666666666666,7.333333333333333
2026-01-12 00:00:00,182.5,749.1666666666666,64.41666666666667,19.333333333333332,115.38333333333333,115.23333333333333,56.88333333333333,0.0,0.0,1019.0666666666666,89.16666666666667,13.866666666666667,8.983333333333333
2026-01-12 06:00:00,177.16666666666666,1077.5,49.88333333333333,49.0,93.56666666666666,92.83333333333333,63.93333333333334,39.5,0.0,1020.85,85.0,15.950000000000001,5.883333333333333
2026-01-12 12:00:00,175.0,660.8333333333334,20.900000000000002,141.83333333333334,56.083333333333336,55.199999999999996,40.88333333333333,72.0,0.0,1017.6166666666667,55.666666666666664,21.983333333333334,4.066666666666666
2026-01-12 18:00:00,172.83333333333334,2023.8333333333333,72.33333333333333,48.833333333333336,128.35,127.71666666666665,68.56666666666666,12.333333333333334,0.0,1019.25,76.83333333333333,18.25,3.8333333333333335
2026-01-13 00:00:00,173.83333333333334,1588.5,55.166666666666664,21.5,143.03333333333333,142.54999999999998,56.06666666666666,0.8333333333333334,0.0,1019.6,92.16666666666667,14.633333333333333,4.816666666666667
2026-01-13 06:00:00,177.5,1512.8333333333333,34.5,65.83333333333333,119.88333333333333,119.38333333333333,64.7,27.166666666666668,0.0,1020.9833333333332,84.33333333333333,16.349999999999998,5.383333333333333
2026-01-13 12:00:00,180.0,784.1666666666666,13.783333333333333,182.33333333333334,67.55,67.13333333333334,48.96666666666667,0.16666666666666666,0.0,1016.2166666666667,48.833333333333336,23.166666666666668,2.6833333333333336
2026-01-13 18:00:00,182.16666666666666,1115.5,74.03333333333333,72.83333333333333,142.20000000000002,141.79999999999998,77.01666666666667,0.0,0.0,1015.4833333333332,68.83333333333333,18.599999999999998,9.183333333333334
2026-01-14 00:00:00,180.66666666666666,627.5,48.36666666666667,34.0,102.78333333333335,102.25,54.099999999999994,0.0,0.0,1014.8666666666667,91.66666666666667,15.450000000000001,9.65
2026-01-14 06:00:00,175.16666666666666,843.6666666666666,43.46666666666667,46.5,91.14999999999999,90.11666666666667,58.15,27.833333333333332,0.0,1016.2333333333332,84.0,17.650000000000002,7.716666666666666
2026-01-14 12:00:00,173.83333333333334,491.6666666666667,21.133333333333333,145.0,63.949999999999996,62.93333333333334,47.916666666666664,54.0,0.0,1012.4666666666667,52.166666666666664,24.516666666666666,10.233333333333333
2026-01-14 18:00:00,170.83333333333334,735.1666666666666,58.1,52.333333333333336,87.01666666666667,86.23333333333333,51.916666666666664,26.0,0.0,1014.9,76.83333333333333,19.683333333333334,10.916666666666666
2026-01-15 00:00:00,163.33333333333334,938.3333333333334,48.51666666666667,25.666666666666668,72.78333333333333,71.78333333333335,38.21666666666667,89.83333333333333,0.0,1015.9833333333332,91.16666666666667,17.45,3.6
2026-01-15 06:00:00,160.83333333333334,1429.3333333333333,51.1,34.666666666666664,76.66666666666667,75.55,57.68333333333334,87.16666666666667,0.0,1017.0166666666668,84.16666666666667,19.25,3.6833333333333336
2026-01-15 12:00:00,160.0,579.5,47.333333333333336,76.16666666666667,69.53333333333333,68.01666666666667,59.93333333333334,94.0,0.0,1013.3333333333334,69.0,22.45,7.366666666666667
2026-01-15 18:00:00,161.16666666666666,836.8333333333334,79.46666666666665,27.5,118.21666666666665,116.45,71.08333333333333,67.83333333333333,0.0,1012.85,84.83333333333333,19.933333333333334,5.933333333333334
2026-01-16 00:00:00,167.16666666666666,634.8333333333334,67.81666666666666,7.833333333333333,113.03333333333335,111.38333333333333,59.88333333333333,77.83333333333333,0.0,1012.1,97.66666666666667,17.966666666666665,8.666666666666666
2026-01-16 06:00:00,169.66666666666666,543.3333333333334,39.550000000000004,35.0,66.01666666666667,64.96666666666667,51.01666666666667,96.0,0.0,1012.9166666666666,85.16666666666667,20.45,10.700000000000001
2026-01-16 12:00:00,167.0,423.6666666666667,18.533333333333335,105.16666666666667,45.86666666666667,45.28333333333333,27.166666666666668,67.66666666666667,0.0,1009.2833333333333,60.5,25.333333333333332,9.0
2026-01-16 18:00:00,164.33333333333334,651.8333333333334,69.2,27.833333333333332,95.41666666666667,94.85000000000001,50.550000000000004,22.833333333333332,0.0,1010.5166666666668,81.33333333333333,21.366666666666664,10.766666666666666
2026-01-17 00:00:00,160.5,584.1666666666666,59.38333333333333,11.666666666666666,79.35000000000001,78.14999999999999,39.733333333333334,86.16666666666667,0.0,1010.8833333333333,97.33333333333333,19.483333333333334,8.533333333333333
2026-01-17 06:00:00,157.33333333333334,828.3333333333334,45.166666666666664,24.333333333333332,57.416666666666664,56.15,50.23333333333333,99.83333333333333,0.5333333333333333,1012.4833333333332,94.33333333333333,20.066666666666666,5.55
2026-01-17 12:00:00,156.66666666666666,540.0,24.666666666666668,89.0,42.71666666666667,41.71666666666667,36.03333333333333,51.166666666666664,0.05000000000000001,1009.8166666666666,78.33333333333333,22.266666666666666,10.366666666666667
2026-01-17 18:00:00,154.33333333333334,711.6666666666666,56.449999999999996,34.666666666666664,49.51666666666667,49.28333333333333,46.1,63.166666666666664,0.0,1010.3833333333333,88.83333333333333,19.883333333333333,9.066666666666666
2026-01-18 00:00:00,143.5,585.6666666666666,43.65,35.0,52.23333333333333,51.56666666666666,44.4,70.33333333333333,0.06666666666666667,1010.2166666666667,94.83333333333333,18.533333333333335,6.283333333333334
2026-01-18 06:00:00,133.16666666666666,736.3333333333334,38.9,41.333333333333336,52.76666666666667,51.833333333333336,47.26666666666667,97.33333333333333,0.05000000000000001,1011.7333333333332,91.16666666666667,19.683333333333334,5.783333333333334
2026-01-18 12:00:00,130.66666666666666,455.0,17.0,113.83333333333333,31.416666666666668,30.849999999999998,32.18333333333334,58.166666666666664,0.0,1008.6,65.0,25.133333333333336,7.883333333333333
2026-01-18 18:00:00,125.83333333333333,660.1666666666666,34.36666666666667,70.33333333333333,57.28333333333333,56.31666666666666,37.71666666666667,25.333333333333332,0.0,1009.7333333333335,85.83333333333333,20.633333333333333,13.033333333333333
2026-01-19 00:00:00,134.33333333333334,607.3333333333334,29.816666666666666,50.333333333333336,67.10000000000001,65.83333333333333,35.6,59.5,0.0,1009.6333333333333,96.33333333333333,19.416666666666668,10.866666666666667
2026-01-19 06:00:00,142.83333333333334,630.6666666666666,33.81666666666666,47.833333333333336,67.10000000000001,65.4,40.199999999999996,92.66666666666667,0.05000000000000001,1012.1833333333334,89.16666666666667,20.566666666666666,12.366666666666667
2026-01-19 12:00:00,150.16666666666666,416.5,21.400000000000002,92.5,47.1,45.88333333333333,32.833333333333336,65.16666666666667,0.016666666666666666,1009.4666666666667,60.833333333333336,25.516666666666666,14.983333333333334
2026-01-19 18:00:00,151.16666666666666,629.6666666666666,36.666666666666664,62.666666666666664,46.35,45.300000000000004,35.833333333333336,52.166666666666664,0.0,1010.5666666666666,83.0,21.483333333333334,13.6
2026-01-20 00:00:00,146.33333333333334,558.6666666666666,38.416666666666664,35.333333333333336,51.449999999999996,50.050000000000004,33.916666666666664,100.0,0.0,1010.8833333333333,96.5,20.366666666666667,10.416666666666666
2026-01-20 06:00:00,132.66666666666666,594.3333333333334,30.933333333333334,46.333333333333336,36.13333333333333,35.21666666666667,32.4,72.83333333333333,0.16666666666666666,1014.0,84.83333333333333,21.916666666666668,11.083333333333334
2026-01-20 12:00:00,115.5,371.1666666666667,19.833333333333332,85.16666666666667,25.483333333333334,24.766666666666666,27.5,49.833333333333336,0.26666666666666666,1012.5500000000001,67.16666666666667,24.75,13.9
2026-01-20 18:00:00,104.16666666666667,501.3333333333333,34.333333333333336,52.333333333333336,34.15,32.86666666666667,31.933333333333334,29.0,0.0,1014.2166666666667,89.66666666666667,20.733333333333334,12.65
2026-01-21 00:00:00,97.33333333333333,601.1666666666666,22.266666666666666,28.166666666666668,30.616666666666664,29.96666666666667,25.416666666666668,97.83333333333333,0.5499999999999999,1015.2333333333332,94.33333333333333,19.433333333333334,11.366666666666667
2026-01-21 06:00:00,85.16666666666667,773.3333333333334,17.966666666666665,20.0,18.75,18.416666666666668,27.400000000000002,100.0,0.3666666666666667,1018.7833333333333,75.33333333333333,16.783333333333335,16.716666666666665
2026-01-21 12:00:00,79.5,666.5,20.966666666666665,29.666666666666668,19.266666666666666,18.95,32.666666666666664,100.0,0.0,1018.5166666666668,65.0,16.2,16.0
2026-01-21 18:00:00,75.0,756.0,26.583333333333332,22.5,16.233333333333334,15.883333333333333,31.21666666666667,100.0,0.016666666666666666,1019.7833333333333,72.16666666666667,13.733333333333334,11.533333333333333
2026-01-22 00:00:00,64.0,609.0,19.98333333333333,27.166666666666668,12.783333333333333,12.283333333333333,25.666666666666668,100.0,0.16666666666666666,1021.2166666666667,84.83333333333333,11.450000000000001,13.15
2026-01-22 06:00:00,57.333333333333336,698.1666666666666,18.099999999999998,32.0,11.016666666666666,10.583333333333334,25.416666666666668,100.0,0.08333333333333333,1025.0666666666666,81.5,9.916666666666666,15.483333333333334
2026-01-22 12:00:00,53.833333333333336,738.6666666666666,16.666666666666668,47.333333333333336,13.883333333333333,13.833333333333334,26.116666666666664,100.0,0.03333333333333333,1023.3333333333334,71.5,11.549999999999999,10.216666666666667
2026-01-22 18:00:00,53.166666666666664,984.5,22.083333333333332,41.0,21.233333333333334,21.233333333333334,28.816666666666666,100.0,0.0,1023.9333333333334,72.0,11.433333333333332,7.2
2026-01-23 00:00:00,57.833333333333336,670.3333333333334,20.916666666666668,37.833333333333336,25.483333333333334,25.433333333333334,30.400000000000002,100.0,0.0,1024.05,74.83333333333333,10.166666666666666,8.25
2026-01-23 06:00:00,66.0,935.1666666666666,25.483333333333334,33.333333333333336,28.633333333333336,28.616666666666664,39.516666666666666,100.0,0.0,1025.3333333333333,73.0,10.75,6.6000000000000005
2026-01-23 12:00:00,76.16666666666667,769.8333333333334,25.25,55.5,33.21666666666667,33.21666666666667,47.0,86.5,0.0,1022.1166666666667,65.66666666666667,14.966666666666667,4.8999999999999995
2026-01-23 18:00:00,89.83333333333333,1388.8333333333333,58.25,10.666666666666666,57.949999999999996,57.86666666666667,53.15,84.83333333333333,0.0,1021.8833333333333,80.0,13.183333333333332,7.433333333333333
2026-01-24 00:00:00,111.66666666666667,799.5,47.15,7.666666666666667,64.61666666666666,64.48333333333333,55.949999999999996,100.0,0.0,1022.1333333333333,82.16666666666667,12.299999999999999,5.933333333333334
2026-01-24 06:00:00,134.5,1098.1666666666667,37.46666666666667,10.833333333333334,56.23333333333333,56.1,65.58333333333333,100.0,0.0,1023.4,81.66666666666667,12.483333333333334,4.966666666666667
2026-01-24 12:00:00,147.66666666666666,1001.3333333333334,33.449999999999996,30.666666666666668,47.416666666666664,47.28333333333333,65.03333333333333,100.0,0.0,1019.9666666666667,74.5,15.016666666666666,4.266666666666667
2026-01-24 18:00:00,151.0,1564.3333333333333,49.71666666666667,2.3333333333333335,71.28333333333333,71.16666666666667,62.916666666666664,93.5,0.0,1018.3666666666667,86.16666666666667,14.416666666666666,5.116666666666666
2026-01-25 00:00:00,153.33333333333334,807.8333333333334,47.5,0.0,81.64999999999999,81.46666666666665,65.73333333333333,100.0,0.0,1016.25,93.83333333333333,13.950000000000001,4.683333333333334
2026-01-25 06:00:00,155.33333333333334,1550.8333333333333,48.78333333333333,8.833333333333334,72.53333333333333,72.36666666666666,76.25,100.0,0.0,1017.4666666666667,90.16666666666667,15.733333333333334,2.1999999999999997
2026-01-25 12:00:00,157.0,625.6666666666666,37.65,75.83333333333333,51.86666666666667,51.68333333333334,53.833333333333336,87.66666666666667,0.0,1015.0666666666666,73.33333333333333,21.183333333333334,5.3
2026-01-25 18:00:00,157.5,882.8333333333334,64.11666666666666,26.666666666666668,84.08333333333333,83.25,53.28333333333333,32.166666666666664,0.0,1016.4,87.83333333333333,18.416666666666668,7.333333333333333
2026-01-26 00:00:00,159.66666666666666,1311.5,59.85,8.166666666666666,96.46666666666665,94.21666666666665,46.28333333333333,100.0,0.03333333333333333,1017.0166666666668,97.66666666666667,16.7,2.8166666666666664
2026-01-26 06:00:00,160.83333333333334,1935.1666666666667,49.38333333333333,15.5,80.56666666666666,78.64999999999999,54.6,100.0,0.4166666666666667,1019.7333333333332,96.33333333333333,17.53333333333333,3.5833333333333335
2026-01-26 12:00:00,160.66666666666666,941.1666666666666,38.199999999999996,56.333333333333336,43.06666666666666,42.300000000000004,58.61666666666667,79.16666666666667,0.11666666666666665,1017.3000000000001,80.16666666666667,21.150000000000002,2.8666666666666667
2026-01-26 18:00:00,160.66666666666666,1386.6666666666667,81.83333333333333,13.833333333333334,102.39999999999999,101.68333333333332,68.41666666666667,40.333333333333336,0.016666666666666666,1017.9499999999999,91.5,19.116666666666664,7.3999999999999995
2026-01-27 00:00:00,164.16666666666666,875.5,76.21666666666667,0.8333333333333334,121.0,119.05,63.083333333333336,80.83333333333333,0.0,1017.7333333333332,99.33333333333333,17.650000000000002,5.566666666666666
2026-01-27 06:00:00,166.5,913.0,52.1,18.666666666666668,87.58333333333333,86.55,56.333333333333336,98.83333333333333,0.016666666666666666,1020.0,89.83333333333333,18.916666666666668,7.433333333333334
2026-01-27 12:00:00,167.0,511.8333333333333,23.583333333333332,81.66666666666667,48.5,46.96666666666667,40.300000000000004,83.33333333333333,0.016666666666666666,1017.4666666666667,64.83333333333333,23.21666666666667,6.616666666666667
2026-01-27 18:00:00,167.83333333333334,1344.5,71.51666666666667,15.333333333333334,104.98333333333333,103.98333333333333,59.583333333333336,28.833333333333332,0.0,1018.9666666666667,82.66666666666667,19.383333333333336,6.3999999999999995
2026-01-28 00:00:00,168.5,1110.6666666666667,71.31666666666668,0.8333333333333334,137.54999999999998,136.70000000000002,62.13333333333333,54.5,0.0,1019.2166666666667,93.66666666666667,16.533333333333335,3.35
2026-01-28 06:00:00,169.16666666666666,1292.3333333333333,38.583333333333336,27.166666666666668,65.21666666666667,65.03333333333333,45.166666666666664,23.5,0.0,1020.7666666666668,79.83333333333333,18.0,6.1000000000000005
2026-01-28 12:00:00,166.66666666666666,589.6666666666666,14.616666666666667,128.83333333333334,40.9,40.68333333333333,29.45,62.833333333333336,0.0,1016.7666666666668,59.166666666666664,23.366666666666664,10.35
2026-01-28 18:00:00,164.83333333333334,914.8333333333334,36.483333333333334,73.33333333333333,63.56666666666666,63.333333333333336,40.86666666666667,0.3333333333333333,0.0,1016.75,79.5,18.3,12.866666666666667
2026-01-29 00:00:00,157.16666666666666,861.0,40.06666666666667,35.166666666666664,70.45,69.88333333333333,39.06666666666667,74.0,0.0,1015.7666666666668,96.0,16.533333333333335,10.700000000000001
2026-01-29 06:00:00,151.66666666666666,898.8333333333334,32.166666666666664,51.833333333333336,69.26666666666667,68.2,41.75,100.0,0.0,1017.1,89.16666666666667,18.783333333333335,10.416666666666666
2026-01-29 12:00:00,152.66666666666666,479.0,12.883333333333333,111.83333333333333,34.266666666666666,32.983333333333334,22.366666666666664,74.66666666666667,0.0,1013.5500000000001,62.166666666666664,24.28333333333333,14.700000000000001
2026-01-29 18:00:00,149.83333333333334,588.3333333333334,35.083333333333336,59.5,40.550000000000004,39.53333333333333,34.28333333333333,30.333333333333332,0.0,1014.5166666666668,86.5,20.366666666666667,14.799999999999999
2026-01-30 00:00:00,134.83333333333334,451.3333333333333,24.433333333333334,51.166666666666664,42.38333333333333,40.56666666666667,28.48333333333333,59.833333333333336,0.0,1014.7666666666668,96.16666666666667,18.766666666666666,9.016666666666667
2026-01-30 06:00:00,116.0,604.5,28.5,47.0,39.050000000000004,37.083333333333336,33.96666666666666,84.83333333333333,0.10000000000000002,1017.5166666666668,88.66666666666667,21.05,9.233333333333333
2026-01-30 12:00:00,104.16666666666667,382.8333333333333,16.5,94.5,33.31666666666667,31.5,27.583333333333332,46.833333333333336,0.08333333333333333,1014.6833333333334,67.0,24.816666666666666,13.316666666666668
2026-01-30 18:00:00,105.0,712.1666666666666,43.15,47.5,45.583333333333336,43.300000000000004,35.166666666666664,19.5,0.0,1016.3166666666666,88.0,20.733333333333334,10.333333333333334
2026-01-31 00:00:00,109.83333333333333,691.6666666666666,51.800000000000004,13.666666666666666,54.98333333333333,51.166666666666664,36.0,67.5,0.0,1017.5500000000001,98.33333333333333,18.916666666666668,7.1499999999999995
2026-01-31 06:00:00,110.33333333333333,862.5,22.46666666666667,33.166666666666664,23.183333333333334,22.683333333333334,30.03333333333333,99.66666666666667,0.06666666666666667,1021.1999999999999,82.83333333333333,18.766666666666666,14.466666666666667
2026-01-31 12:00:00,99.66666666666667,873.3333333333334,14.75,71.83333333333333,15.283333333333333,15.15,30.650000000000002,98.33333333333333,0.0,1019.4666666666667,61.166666666666664,20.533333333333335,9.616666666666667
2026-01-31 18:00:00,93.33333333333333,1550.3333333333333,41.31666666666667,26.166666666666668,40.31666666666667,40.28333333333333,45.166666666666664,53.166666666666664,0.0,1020.0166666666668,73.0,17.8,9.116666666666667
2026-02-01 00:00:00,88.5,1271.8333333333333,25.03333333333333,31.166666666666668,27.0,26.86666666666667,34.53333333333333,99.83333333333333,0.0,1020.1166666666667,75.0,16.650000000000002,8.366666666666667
2026-02-01 06:00:00,77.83333333333333,1026.8333333333333,23.45,35.0,21.5,21.216666666666665,37.050000000000004,100.0,0.0,1023.0333333333333,67.33333333333333,16.583333333333332,8.216666666666667
2026-02-01 12:00:00,83.0,962.3333333333334,18.95,68.83333333333333,31.416666666666668,30.599999999999998,37.96666666666667,71.66666666666667,0.0,1020.4666666666667,60.333333333333336,19.866666666666667,3.5999999999999996
2026-02-01 18:00:00,92.66666666666667,2746.1666666666665,48.63333333333333,33.0,68.85000000000001,68.0,51.46666666666667,16.333333333333332,0.0,1020.75,80.5,17.283333333333335,4.466666666666667
2026-02-02 00:00:00,118.0,1018.1666666666666,49.0,12.833333333333334,78.46666666666667,77.7,48.333333333333336,79.33333333333333,0.0,1021.7166666666667,84.33333333333333,15.533333333333333,7.283333333333332
2026-02-02 06:00:00,141.5,891.8333333333334,24.666666666666668,36.0,51.38333333333333,50.333333333333336,36.166666666666664,100.0,0.05000000000000001,1024.9833333333333,70.0,15.700000000000001,8.733333333333333
2026-02-02 12:00:00,152.66666666666666,812.0,22.899999999999995,53.333333333333336,69.46666666666667,67.41666666666667,38.266666666666666,76.5,0.0,1022.6166666666667,62.333333333333336,17.666666666666668,7.316666666666666
2026-02-02 18:00:00,157.16666666666666,1936.8333333333333,53.86666666666667,15.5,101.96666666666665,100.38333333333333,56.36666666666667,30.833333333333332,0.0,1022.9499999999999,83.33333333333333,15.333333333333334,3.283333333333333
2026-02-03 00:00:00,162.16666666666666,1170.0,57.11666666666667,3.0,131.31666666666666,129.76666666666668,63.1,49.666666666666664,0.0,1022.3166666666666,93.83333333333333,13.366666666666667,3.966666666666667
2026-02-03 06:00:00,170.66666666666666,1466.6666666666667,40.516666666666666,32.0,106.2,104.88333333333333,67.64999999999999,91.66666666666667,0.0,1024.05,80.83333333333333,15.466666666666667,2.966666666666667
2026-02-03 12:00:00,173.16666666666666,770.6666666666666,18.066666666666666,118.33333333333333,57.06666666666666,56.25,33.083333333333336,97.5,0.0,1020.4499999999999,57.5,21.016666666666666,5.7
2026-02-03 18:00:00,172.66666666666666,1189.6666666666667,64.51666666666667,37.5,110.73333333333333,110.01666666666667,48.73333333333333,37.166666666666664,0.0,1019.4833333333332,80.16666666666667,17.966666666666665,7.266666666666667
2026-02-04 00:00:00,172.83333333333334,852.0,67.81666666666666,7.333333333333333,122.01666666666667,121.13333333333333,55.26666666666667,4.0,0.0,1017.8166666666666,94.0,15.716666666666667,7.816666666666666
2026-02-04 06:00:00,172.33333333333334,933.1666666666666,49.449999999999996,34.666666666666664,111.71666666666665,110.66666666666667,63.5,100.0,0.03333333333333333,1018.8666666666667,89.66666666666667,17.566666666666666,8.516666666666667
2026-02-04 12:00:00,173.66666666666666,563.5,20.833333333333332,112.0,64.71666666666667,63.699999999999996,36.11666666666667,77.83333333333333,0.0,1014.3833333333333,64.33333333333333,22.916666666666668,9.833333333333334
2026-02-04 18:00:00,173.0,807.5,53.98333333333333,46.5,75.95,75.56666666666666,45.73333333333333,4.833333333333333,0.0,1014.6999999999999,84.33333333333333,19.466666666666665,10.683333333333332
2026-02-05 00:00:00,166.0,614.0,39.88333333333333,35.833333333333336,55.65,55.0,35.46666666666667,86.0,0.0,1013.9166666666666,96.16666666666667,18.333333333333332,7.483333333333333
2026-02-05 06:00:00,157.66666666666666,998.0,37.36666666666667,38.333333333333336,65.56666666666668,64.25,48.4,100.0,0.016666666666666666,1014.8666666666667,91.66666666666667,19.483333333333334,3.4333333333333336
2026-02-05 12:00:00,154.0,511.5,19.166666666666668,104.16666666666667,51.81666666666666,50.800000000000004,28.416666666666668,67.5,0.03333333333333333,1011.3000000000001,67.83333333333333,24.616666666666664,6.866666666666667
2026-02-05 18:00:00,152.66666666666666,586.5,47.86666666666667,47.666666666666664,64.86666666666666,63.85,39.53333333333333,45.0,0.0,1012.3333333333334,85.83333333333333,21.55,11.816666666666665
2026-02-06 00:00:00,151.0,412.1666666666667,30.733333333333334,35.5,47.1,45.35,32.46666666666667,100.0,0.0,1011.9666666666667,94.83333333333333,20.916666666666668,8.366666666666667
2026-02-06 06:00:00,148.5,527.3333333333334,32.75,29.833333333333332,52.63333333333333,50.93333333333334,38.699999999999996,98.16666666666667,0.03333333333333333,1013.4166666666666,85.33333333333333,22.21666666666667,4.8500000000000005
2026-02-06 12:00:00,141.66666666666666,605.3333333333334,21.633333333333336,91.83333333333333,50.5,49.5,31.650000000000002,73.83333333333333,0.03333333333333333,1011.0666666666666,67.33333333333333,25.766666666666666,5.966666666666666
2026-02-06 18:00:00,143.0,599.1666666666666,49.083333333333336,41.333333333333336,71.21666666666667,69.73333333333333,38.699999999999996,44.833333333333336,0.0,1013.0,90.66666666666667,21.883333333333336,11.85
2026-02-07 00:00:00,148.16666666666666,485.5,44.81666666666666,13.833333333333334,53.416666666666664,51.4,34.25,91.16666666666667,0.0,1013.4,98.0,20.833333333333332,9.366666666666667
2026-02-07 06:00:00,148.83333333333334,511.5,34.18333333333333,31.333333333333332,48.25,46.949999999999996,37.28333333333333,90.83333333333333,0.13333333333333333,1015.7666666666668,87.5,21.95,11.266666666666666
2026-02-07 12:00:00,142.16666666666666,446.1666666666667,19.55,87.0,26.650000000000002,26.066666666666666,27.683333333333334,82.66666666666667,0.18333333333333335,1013.3333333333334,69.16666666666667,24.45,14.383333333333333
2026-02-07 18:00:00,123.66666666666667,670.1666666666666,34.93333333333333,65.66666666666667,44.61666666666667,43.93333333333334,32.050000000000004,69.83333333333333,0.0,1015.5,82.16666666666667,21.083333333333332,11.799999999999999
2026-02-08 00:00:00,116.83333333333333,795.8333333333334,19.933333333333334,61.0,47.666666666666664,47.21666666666667,24.116666666666664,100.0,0.65,1017.2166666666667,89.5,19.166666666666668,12.799999999999999
2026-02-08 06:00:00,104.5,927.8333333333334,13.033333333333333,42.166666666666664,13.966666666666667,13.899999999999999,24.833333333333332,100.0,0.85,1022.1,88.0,15.450000000000001,19.483333333333334
2026-02-08 12:00:00,91.0,882.5,15.6,46.833333333333336,13.916666666666666,13.533333333333333,23.03333333333333,100.0,0.7166666666666667,1022.4666666666667,85.5,13.916666666666666,16.916666666666668
2026-02-08 18:00:00,83.5,984.8333333333334,20.416666666666668,42.333333333333336,20.833333333333332,20.716666666666665,25.05,100.0,0.45,1023.0166666666668,90.16666666666667,12.4,12.833333333333334
2026-02-09 00:00:00,68.0,711.0,19.816666666666666,39.0,21.2,20.95,29.099999999999998,100.0,0.4166666666666667,1021.5,92.0,12.066666666666668,10.316666666666666
2026-02-09 06:00:00,62.166666666666664,1049.8333333333333,24.883333333333336,37.166666666666664,24.71666666666667,24.150000000000002,37.88333333333333,100.0,0.45,1021.9833333333332,92.0,12.4,7.6000000000000005
2026-02-09 12:00:00,72.33333333333333,999.1666666666666,25.766666666666666,54.0,39.56666666666667,38.583333333333336,46.583333333333336,84.83333333333333,0.0,1018.0166666666668,78.66666666666667,15.666666666666666,4.783333333333333
2026-02-09 18:00:00,88.66666666666667,1636.1666666666667,56.300000000000004,12.5,72.31666666666666,71.23333333333333,63.050000000000004,64.33333333333333,0.0,1017.8166666666666,90.5,13.450000000000001,3.9
2026-02-10 00:00:00,126.0,2070.1666666666665,61.199999999999996,0.0,85.2,84.3,72.8,100.0,0.0,1017.1666666666666,93.83333333333333,13.783333333333333,2.533333333333333
2026-02-10 06:00:00,152.0,1583.6666666666667,42.31666666666667,19.333333333333332,67.7,66.85000000000001,73.55,100.0,0.0,1018.7333333333332,87.33333333333333,15.383333333333333,2.8666666666666667
2026-02-10 12:00:00,156.0,1000.8333333333334,26.416666666666668,85.83333333333333,53.28333333333333,52.53333333333333,50.6,86.83333333333333,0.0,1015.6,72.16666666666667,21.133333333333336,5.7
2026-02-10 18:00:00,158.66666666666666,1379.8333333333333,63.23333333333333,22.5,108.66666666666667,107.66666666666667,60.449999999999996,96.66666666666667,0.016666666666666666,1017.1833333333334,85.66666666666667,19.233333333333334,6.933333333333334
2026-02-11 00:00:00,164.5,1038.3333333333333,61.916666666666664,2.5,136.68333333333334,135.73333333333332,53.300000000000004,100.0,0.15,1018.4666666666667,94.5,17.883333333333333,3.4
2026-02-11 06:00:00,170.33333333333334,1184.1666666666667,37.68333333333333,14.166666666666666,81.88333333333334,81.16666666666667,45.46666666666667,100.0,0.5,1021.1166666666667,92.0,17.599999999999998,9.216666666666667
2026-02-11 12:00:00,168.83333333333334,818.5,21.116666666666667,48.666666666666664,23.266666666666666,23.066666666666666,38.833333333333336,100.0,0.03333333333333333,1018.2166666666667,78.5,19.133333333333333,8.700000000000001
2026-02-11 18:00:00,163.33333333333334,2890.8333333333335,43.88333333333333,13.0,37.733333333333334,37.583333333333336,43.81666666666666,98.5,0.0,1017.6,86.0,18.099999999999998,4.033333333333333
2026-02-12 00:00:00,149.5,615.1666666666666,41.833333333333336,4.833333333333333,44.15,43.93333333333334,41.75,100.0,0.0,1016.9499999999999,89.83333333333333,17.283333333333335,3.15
2026-02-12 06:00:00,113.66666666666667,745.3333333333334,40.199999999999996,12.0,49.21666666666667,48.916666666666664,47.71666666666667,100.0,0.06666666666666667,1018.2166666666667,89.0,18.45,6.183333333333334
2026-02-12 12:00:00,114.16666666666667,514.6666666666666,32.88333333333333,61.166666666666664,52.199999999999996,51.1,42.083333333333336,89.66666666666667,0.0,1014.7666666666668,76.83333333333333,22.5,10.6
2026-02-12 18:00:00,133.16666666666666,653.3333333333334,52.6,26.5,68.16666666666667,66.78333333333333,43.449999999999996,41.666666666666664,0.0,1014.6333333333333,91.0,19.8,10.799999999999999
2026-02-13 00:00:00,145.33333333333334,526.6666666666666,32.71666666666666,34.5,52.48333333333333,51.300000000000004,29.883333333333336,100.0,0.11666666666666665,1013.6666666666666,97.83333333333333,19.216666666666665,8.416666666666666
2026-02-13 06:00:00,148.0,557.8333333333334,24.400000000000002,49.333333333333336,45.98333333333333,43.71666666666667,26.95,100.0,0.05000000000000001,1015.4,90.83333333333333,21.216666666666665,10.983333333333334
2026-02-13 12:00:00,139.33333333333334,389.5,14.216666666666669,93.66666666666667,32.733333333333334,30.766666666666666,22.183333333333334,95.66666666666667,0.0,1012.4833333333332,70.66666666666667,24.566666666666666,11.25
2026-02-13 18:00:00,122.66666666666667,549.1666666666666,31.733333333333334,58.0,32.949999999999996,31.2,33.016666666666666,13.0,0.0,1013.6333333333333,84.5,21.566666666666666,13.0
2026-02-14 00:00:00,106.16666666666667,480.5,28.650000000000002,34.166666666666664,47.46666666666667,45.26666666666667,28.0,77.5,0.0,1013.9833333333332,97.0,20.466666666666665,9.5
2026-02-14 06:00:00,105.83333333333333,548.3333333333334,23.03333333333333,47.0,44.916666666666664,43.083333333333336,29.28333333333333,85.66666666666667,0.03333333333333333,1015.25,85.66666666666667,21.78333333333333,10.016666666666667
2026-02-14 12:00:00,104.66666666666667,413.1666666666667,12.0,104.5,30.016666666666666,28.366666666666664,22.433333333333334,92.5,0.0,1011.85,65.66666666666667,25.333333333333332,9.816666666666666
2026-02-14 18:00:00,105.0,566.0,32.733333333333334,56.5,36.88333333333333,35.86666666666667,33.88333333333333,11.666666666666666,0.0,1012.8000000000001,84.83333333333333,21.516666666666666,13.016666666666666
2026-02-15 00:00:00,106.33333333333333,430.3333333333333,21.833333333333332,45.666666666666664,42.56666666666667,40.88333333333333,25.05,91.83333333333333,0.0,1012.6333333333333,95.66666666666667,20.566666666666666,10.85
2026-02-15 06:00:00,103.0,439.8333333333333,22.650000000000002,52.333333333333336,45.03333333333333,43.11666666666667,27.55,74.0,0.0,1013.9666666666667,84.33333333333333,22.150000000000002,11.9
2026-02-15 12:00:00,105.33333333333333,335.8333333333333,9.283333333333333,122.0,33.85,32.699999999999996,22.733333333333334,13.333333333333334,0.0,1010.5666666666666,58.833333333333336,27.150000000000002,12.933333333333332
2026-02-15 18:00:00,104.0,510.3333333333333,28.383333333333336,60.5,29.7,27.883333333333336,32.96666666666667,25.0,0.0,1011.7833333333333,84.16666666666667,22.0,12.883333333333333
2026-02-16 00:00:00,102.83333333333333,519.3333333333334,26.983333333333334,36.0,47.75,45.416666666666664,28.75,100.0,0.0,1012.0833333333334,94.66666666666667,20.966666666666665,9.133333333333333
2026-02-16 06:00:00,105.16666666666667,576.6666666666666,24.383333333333336,42.166666666666664,49.36666666666667,47.083333333333336,35.416666666666664,53.166666666666664,0.016666666666666666,1014.2833333333333,84.16666666666667,22.55,7.95
2026-02-16 12:00:00,109.0,354.6666666666667,14.65,98.33333333333333,44.21666666666667,42.75,27.45,77.33333333333333,0.0,1011.3000000000001,59.0,27.116666666666664,7.783333333333334
2026-02-16 18:00:00,121.5,561.6666666666666,44.833333333333336,50.666666666666664,55.26666666666667,54.06666666666667,42.28333333333333,14.5,0.0,1012.1333333333333,80.66666666666667,22.650000000000002,11.816666666666668
2026-02-17 00:00:00,128.83333333333334,520.0,42.416666666666664,19.833333333333332,46.03333333333333,43.76666666666667,32.6,78.16666666666667,0.0,1013.3000000000001,96.5,20.95,8.416666666666666
2026-02-17 06:00:00,128.5,633.5,28.183333333333334,30.333333333333332,44.85,43.96666666666667,31.983333333333334,87.0,0.06666666666666667,1016.6166666666667,87.83333333333333,22.433333333333334,8.0
2026-02-17 12:00:00,123.5,563.8333333333334,17.216666666666665,59.166666666666664,30.916666666666668,30.7,30.55,64.5,0.16666666666666666,1015.0333333333333,71.66666666666667,24.75,12.116666666666667
2026-02-17 18:00:00,117.16666666666667,908.3333333333334,28.900000000000002,41.666666666666664,57.85,57.4,34.11666666666667,98.33333333333333,0.0,1016.7333333333332,84.33333333333333,21.133333333333333,8.116666666666667
2026-02-18 00:00:00,125.5,563.0,17.25,36.833333333333336,56.916666666666664,56.050000000000004,27.5,100.0,0.21666666666666667,1018.0333333333333,83.66666666666667,18.283333333333335,10.483333333333334
2026-02-18 06:00:00,129.33333333333334,815.0,25.016666666666666,27.5,51.550000000000004,50.949999999999996,37.4,100.0,0.0,1020.7333333333332,79.16666666666667,18.116666666666664,7.566666666666666
2026-02-18 12:00:00,137.83333333333334,743.0,22.883333333333336,65.5,49.15,48.63333333333333,35.266666666666666,100.0,0.0,1018.8833333333333,74.0,20.650000000000002,4.816666666666666
2026-02-18 18:00:00,148.83333333333334,973.3333333333334,61.083333333333336,18.666666666666668,81.26666666666667,80.86666666666666,48.93333333333334,100.0,0.0,1019.1166666666667,88.0,18.833333333333332,2.533333333333333
2026-02-19 00:00:00,153.66666666666666,880.3333333333334,58.61666666666667,7.5,84.86666666666666,84.46666666666665,54.75,100.0,0.08333333333333333,1019.6833333333334,91.5,17.933333333333334,4.3500000000000005
2026-02-19 06:00:00,156.5,1381.0,35.78333333333334,30.0,64.31666666666666,63.86666666666667,45.51666666666667,100.0,0.15,1021.6833333333334,84.0,18.466666666666665,7.016666666666667
2026-02-19 12:00:00,157.16666666666666,822.5,17.083333333333332,97.83333333333333,50.800000000000004,50.166666666666664,29.616666666666664,100.0,0.0,1019.6833333333334,71.0,21.516666666666666,2.85
2026-02-19 18:00:00,158.66666666666666,2695.0,63.5,27.833333333333332,102.95,102.31666666666666,53.81666666666667,99.66666666666667,0.016666666666666666,1020.35,80.83333333333333,19.650000000000002,7.083333333333333
2026-02-20 00:00:00,159.0,1430.6666666666667,30.083333333333332,24.333333333333332,48.13333333333333,48.0,31.433333333333334,98.33333333333333,0.11666666666666665,1021.3666666666667,88.33333333333333,17.150000000000002,10.683333333333332
2026-02-20 06:00:00,152.66666666666666,1078.8333333333333,21.349999999999998,41.0,15.783333333333333,15.583333333333334,35.15,44.333333333333336,0.0,1021.4,77.83333333333333,18.5,5.45
2026-02-20 12:00:00,140.0,645.8333333333334,11.883333333333333,119.16666666666667,28.900000000000002,28.650000000000002,27.95,90.0,0.0,1016.0166666666668,63.333333333333336,23.333333333333332,5.2
2026-02-20 18:00:00,124.66666666666667,858.8333333333334,47.083333333333336,52.5,64.78333333333333,64.48333333333333,45.15,8.0,0.0,1013.5333333333333,81.33333333333333,20.266666666666666,12.133333333333333
2026-02-21 00:00:00,107.33333333333333,577.1666666666666,39.96666666666667,29.666666666666668,56.333333333333336,55.68333333333334,38.833333333333336,23.166666666666668,0.0,1011.9833333333332,95.5,18.083333333333332,10.4
2026-02-21 06:00:00,127.66666666666667,689.8333333333334,31.166666666666668,45.333333333333336,66.73333333333333,65.45,34.1,99.66666666666667,0.016666666666666666,1011.2166666666667,85.83333333333333,20.116666666666667,10.950000000000001
2026-02-21 12:00:00,149.66666666666666,496.3333333333333,10.583333333333334,138.0,51.28333333333333,50.583333333333336,21.7,56.5,0.0,1006.0166666666668,65.33333333333333,25.883333333333336,10.299999999999999
2026-02-21 18:00:00,148.83333333333334,569.3333333333334,30.599999999999998,66.5,33.06666666666667,32.083333333333336,33.28333333333333,8.666666666666666,0.0,1006.15,84.33333333333333,21.883333333333336,14.166666666666666
2026-02-22 00:00:00,132.0,487.8333333333333,32.916666666666664,31.666666666666668,33.85,31.3,26.53333333333333,86.66666666666667,0.0,1007.1333333333333,96.16666666666667,20.916666666666668,9.583333333333334
2026-02-22 06:00:00,115.5,772.3333333333334,37.11666666666667,25.166666666666668,41.13333333333333,38.15,37.6,100.0,0.10000000000000002,1009.5166666666668,92.5,22.150000000000002,9.133333333333335
2026-02-22 12:00:00,100.5,446.6666666666667,35.11666666666667,47.5,31.61666666666667,29.416666666666668,40.25,100.0,0.08333333333333333,1007.6999999999999,83.5,23.433333333333334,12.4
2026-02-22 18:00:00,93.0,660.0,39.800000000000004,46.333333333333336,35.46666666666667,34.199999999999996,30.55,100.0,0.16666666666666666,1008.85,87.16666666666667,21.583333333333332,11.833333333333334
2026-02-23 00:00:00,98.16666666666667,441.1666666666667,32.4,46.333333333333336,43.76666666666667,42.46666666666667,29.8,99.16666666666667,0.0,1008.4499999999999,91.16666666666667,21.283333333333335,10.083333333333334
2026-02-23 06:00:00,101.0,500.0,35.199999999999996,42.833333333333336,39.416666666666664,36.983333333333334,34.36666666666667,98.66666666666667,0.03333333333333333,1010.0333333333333,88.5,22.849999999999998,12.316666666666668
2026-02-23 12:00:00,100.5,400.1666666666667,17.666666666666668,84.33333333333333,30.150000000000002,28.599999999999998,27.316666666666666,73.16666666666667,0.0,1007.6833333333334,75.0,25.416666666666668,14.366666666666667
2026-02-23 18:00:00,101.0,515.0,33.38333333333333,51.833333333333336,34.699999999999996,33.3,34.86666666666667,87.16666666666667,0.03333333333333333,1008.2833333333333,84.66666666666667,23.28333333333333,12.833333333333334
2026-02-24 00:00:00,97.33333333333333,376.6666666666667,30.75,35.666666666666664,36.21666666666667,34.300000000000004,32.15,100.0,0.0,1008.2333333333332,92.83333333333333,22.53333333333333,11.25
2026-02-24 06:00:00,95.83333333333333,573.8333333333334,32.55,35.666666666666664,42.300000000000004,40.21666666666667,35.85,100.0,0.03333333333333333,1011.4000000000001,90.16666666666667,22.916666666666668,10.116666666666667
2026-02-24 12:00:00,100.33333333333333,564.5,22.21666666666667,80.83333333333333,44.35,43.0,29.883333333333336,95.66666666666667,0.06666666666666667,1010.0500000000001,83.16666666666667,24.3,7.766666666666667
2026-02-24 18:00:00,107.16666666666667,735.5,40.550000000000004,41.666666666666664,40.416666666666664,38.86666666666667,39.6,87.5,0.016666666666666666,1010.6999999999999,90.16666666666667,22.816666666666666,11.700000000000001
2026-02-25 00:00:00,110.0,483.8333333333333,34.06666666666667,36.5,41.35,39.1,34.85,100.0,0.11666666666666665,1010.85,96.66666666666667,21.96666666666667,8.783333333333333
2026-02-25 06:00:00,113.33333333333333,555.3333333333334,36.43333333333333,30.833333333333332,45.21666666666667,44.0,39.550000000000004,100.0,0.5666666666666667,1012.2333333333332,90.66666666666667,22.55,10.766666666666666
2026-02-25 12:00:00,112.16666666666667,510.8333333333333,19.616666666666667,85.66666666666667,34.88333333333333,34.1,33.48333333333333,62.166666666666664,0.15,1009.6999999999999,74.5,25.516666666666666,8.133333333333333
2026-02-25 18:00:00,108.83333333333333,875.0,42.63333333333333,41.666666666666664,42.916666666666664,42.516666666666666,39.18333333333333,74.5,3.0,1010.5500000000001,89.83333333333333,22.566666666666666,10.85
2026-02-26 00:00:00,114.0,429.5,46.56666666666666,18.0,52.699999999999996,51.93333333333334,39.85,66.0,0.0,1009.75,96.16666666666667,21.05,9.966666666666667
2026-02-26 06:00:00,123.0,629.3333333333334,37.18333333333333,23.333333333333332,57.449999999999996,56.199999999999996,39.35,99.83333333333333,0.26666666666666666,1010.8333333333334,92.83333333333333,21.383333333333336,10.383333333333333
2026-02-26 12:00:00,129.16666666666666,536.6666666666666,26.883333333333336,62.833333333333336,39.28333333333333,38.266666666666666,36.13333333333333,93.16666666666667,0.26666666666666666,1006.8666666666667,82.16666666666667,23.616666666666664,10.35
2026-02-26 18:00:00,129.0,645.5,46.13333333333333,38.333333333333336,43.166666666666664,42.666666666666664,44.53333333333333,68.0,0.0,1005.7833333333333,88.16666666666667,22.21666666666667,12.35
2026-02-27 00:00:00,129.16666666666666,401.1666666666667,49.28333333333333,15.333333333333334,51.36666666666667,49.35,40.300000000000004,22.333333333333332,0.0,1005.9,90.0,21.216666666666665,9.483333333333333
2026-02-27 06:00:00,128.16666666666666,949.5,39.11666666666667,35.166666666666664,61.65,59.65,51.199999999999996,47.166666666666664,0.0,1007.6999999999999,86.0,22.333333333333332,2.966666666666667
2026-02-27 12:00:00,131.0,446.0,17.733333333333334,127.83333333333333,47.083333333333336,46.300000000000004,35.4,65.16666666666667,0.016666666666666666,1004.15,69.0,27.2,9.299999999999999
2026-02-27 18:00:00,138.5,479.5,43.583333333333336,52.166666666666664,50.416666666666664,50.13333333333333,44.36666666666667,61.333333333333336,0.0,1004.25,90.33333333333333,23.95,15.049999999999999
2026-02-28 00:00:00,138.0,340.0,37.75,24.333333333333332,44.61666666666667,44.199999999999996,34.13333333333333,100.0,0.0,1004.0166666666668,97.66666666666667,23.28333333333333,11.333333333333334
2026-02-28 06:00:00,131.83333333333334,571.5,32.5,39.0,43.68333333333334,43.15,40.18333333333334,100.0,0.06666666666666667,1005.6166666666667,88.83333333333333,24.833333333333332,12.816666666666668
2026-02-28 12:00:00,125.5,461.3333333333333,13.366666666666667,140.33333333333334,43.23333333333333,42.96666666666667,26.916666666666668,54.333333333333336,0.11666666666666665,1002.3666666666667,70.83333333333333,28.650000000000002,14.833333333333334
2026-02-28 18:00:00,120.0,519.8333333333334,33.166666666666664,78.83333333333333,40.03333333333333,39.516666666666666,35.86666666666667,44.666666666666664,0.0,1003.15,88.16666666666667,24.866666666666664,14.583333333333334
2026-03-01 00:00:00,117.83333333333333,387.0,31.616666666666664,38.166666666666664,45.083333333333336,43.9,30.366666666666664,87.5,0.0,1003.15,94.66666666666667,23.53333333333333,12.783333333333333
2026-03-01 06:00:00,117.83333333333333,700.6666666666666,32.449999999999996,48.666666666666664,47.53333333333333,46.35,38.166666666666664,84.0,0.0,1005.65,88.33333333333333,24.599999999999998,9.266666666666667
2026-03-01 12:00:00,120.66666666666667,560.5,10.25,191.66666666666666,51.26666666666667,50.78333333333333,31.21666666666667,26.166666666666668,0.08333333333333333,1002.6666666666666,68.83333333333333,29.78333333333333,8.116666666666667
2026-03-01 18:00:00,154.66666666666666,634.1666666666666,32.983333333333334,113.0,50.18333333333334,49.65,42.266666666666666,38.666666666666664,0.0,1003.8166666666666,88.0,25.983333333333334,12.266666666666666
2026-03-02 00:00:00,130.83333333333334,449.8333333333333,36.11666666666667,41.166666666666664,46.13333333333333,43.96666666666667,29.933333333333334,65.66666666666667,0.0,1004.65,96.0,24.133333333333336,9.583333333333334
2026-03-02 06:00:00,130.5,708.3333333333334,32.6,52.0,49.050000000000004,47.23333333333333,36.88333333333333,100.0,0.03333333333333333,1007.4666666666667,91.16666666666667,25.116666666666664,5.966666666666666
2026-03-02 12:00:00,131.0,566.3333333333334,10.4,178.0,52.23333333333333,51.36666666666667,24.066666666666666,38.166666666666664,0.03333333333333333,1004.9499999999999,67.66666666666667,29.900000000000002,8.016666666666667
2026-03-02 18:00:00,145.16666666666666,644.8333333333334,34.9,97.83333333333333,71.81666666666668,70.78333333333333,38.61666666666667,38.833333333333336,0.20000000000000004,1006.1333333333333,89.33333333333333,25.616666666666664,10.983333333333334
2026-03-03 00:00:00,144.83333333333334,464.6666666666667,22.983333333333334,50.333333333333336,42.05,41.550000000000004,21.26666666666667,88.83333333333333,1.0999999999999999,1008.8166666666666,90.83333333333333,21.683333333333334,13.016666666666666
2026-03-03 06:00:00,141.16666666666666,776.8333333333334,14.299999999999999,55.833333333333336,38.166666666666664,37.98333333333333,22.849999999999998,78.16666666666667,0.06666666666666667,1012.5500000000001,75.5,20.583333333333332,15.933333333333332
2026-03-03 12:00:00,133.0,689.3333333333334,12.833333333333334,81.66666666666667,34.7,34.46666666666667,20.766666666666666,99.33333333333333,0.0,1011.2833333333333,62.333333333333336,23.8,11.483333333333334
2026-03-03 18:00:00,120.83333333333333,944.6666666666666,17.183333333333334,65.33333333333333,47.61666666666667,47.31666666666666,22.316666666666666,100.0,0.0,1014.2333333333332,65.83333333333333,20.833333333333332,14.266666666666666
2026-03-04 00:00:00,113.83333333333333,687.3333333333334,18.849999999999998,50.333333333333336,50.86666666666667,49.53333333333333,26.3,99.66666666666667,0.016666666666666666,1016.1833333333334,70.66666666666667,18.733333333333334,10.6
2026-03-04 06:00:00,115.0,763.8333333333334,19.166666666666668,56.166666666666664,27.583333333333332,26.96666666666667,28.75,92.0,0.0,1017.6,65.0,18.7,9.9
2026-03-04 12:00:00,107.0,771.5,12.466666666666667,122.0,23.066666666666666,22.766666666666666,29.55,49.5,0.0,1013.7666666666668,59.166666666666664,21.75,4.25
2026-03-04 18:00:00,107.83333333333333,1145.6666666666667,55.46666666666667,59.333333333333336,82.01666666666667,81.64999999999999,55.883333333333326,2.1666666666666665,0.0,1013.65,82.66666666666667,18.966666666666665,8.316666666666666
2026-03-05 00:00:00,138.0,757.3333333333334,64.58333333333333,15.666666666666666,103.26666666666667,102.71666666666665,63.0,13.833333333333334,0.0,1014.3000000000001,96.33333333333333,16.8,4.383333333333334
2026-03-05 06:00:00,154.5,930.0,40.71666666666667,39.166666666666664,75.93333333333334,75.08333333333333,44.31666666666666,97.66666666666667,0.0,1015.7166666666667,82.5,19.316666666666666,6.1000000000000005
2026-03-05 12:00:00,159.66666666666666,647.0,19.616666666666667,105.33333333333333,56.06666666666666,54.93333333333334,34.21666666666667,100.0,0.0,1013.5166666666668,65.33333333333333,22.7,4.266666666666667
2026-03-05 18:00:00,163.33333333333334,1504.5,59.81666666666666,43.833333333333336,94.45,93.46666666666668,58.21666666666667,100.0,0.0,1015.0,83.0,20.983333333333334,3.3166666666666664
2026-03-06 00:00:00,163.33333333333334,868.5,44.550000000000004,29.666666666666668,101.08333333333333,99.85000000000001,57.050000000000004,100.0,0.0,1015.9166666666666,89.83333333333333,19.516666666666666,3.0666666666666664
2026-03-06 06:00:00,164.33333333333334,1094.3333333333333,32.11666666666667,59.833333333333336,99.41666666666667,97.58333333333333,57.88333333333333,78.83333333333333,0.0,1017.5666666666666,85.83333333333333,20.650000000000002,5.066666666666667
2026-03-06 12:00:00,167.33333333333334,713.0,16.483333333333334,130.5,75.21666666666667,73.71666666666667,31.066666666666666,100.0,0.0,1014.0666666666666,65.16666666666667,23.96666666666667,5.75
2026-03-06 18:00:00,168.33333333333334,924.6666666666666,40.4,70.66666666666667,74.73333333333333,74.08333333333333,38.35,41.166666666666664,0.0,1014.5500000000001,82.16666666666667,21.166666666666668,9.283333333333333
2026-03-07 00:00:00,165.0,787.8333333333334,39.65,46.166666666666664,79.7,78.93333333333334,41.583333333333336,65.5,0.0,1015.6833333333334,94.33333333333333,19.349999999999998,5.316666666666666
2026-03-07 06:00:00,161.5,878.5,34.13333333333333,68.0,63.81666666666666,62.88333333333333,38.6,78.66666666666667,0.0,1017.35,83.33333333333333,21.233333333333334,9.366666666666667
2026-03-07 12:00:00,157.33333333333334,555.0,12.516666666666666,134.5,43.73333333333333,42.36666666666667,20.833333333333332,82.33333333333333,0.0,1014.1999999999999,68.16666666666667,23.766666666666666,13.183333333333332
2026-03-07 18:00:00,153.16666666666666,725.0,29.400000000000002,86.16666666666667,52.416666666666664,50.61666666666667,28.2,11.166666666666666,0.0,1015.4166666666666,81.66666666666667,20.733333333333334,12.450000000000001
2026-03-08 00:00:00,150.83333333333334,603.3333333333334,35.233333333333334,49.833333333333336,66.31666666666666,63.666666666666664,32.233333333333334,100.0,0.15,1016.1,91.5,19.849999999999998,5.216666666666667
2026-03-08 06:00:00,144.33333333333334,628.3333333333334,32.083333333333336,58.5,55.550000000000004,53.15,33.1,100.0,0.15,1016.7333333333332,88.83333333333333,21.3,12.116666666666667
2026-03-08 12:00:00,141.33333333333334,478.3333333333333,17.333333333333332,106.5,40.56666666666667,38.31666666666667,30.016666666666666,99.33333333333333,0.0,1013.6,74.0,24.166666666666668,15.283333333333333
2026-03-08 18:00:00,137.33333333333334,553.1666666666666,31.433333333333334,65.5,40.699999999999996,39.06666666666667,29.8,96.33333333333333,0.0,1015.5333333333333,85.0,21.316666666666666,13.766666666666666
2026-03-09 00:00:00,128.0,443.6666666666667,34.86666666666667,44.666666666666664,48.599999999999994,46.03333333333333,29.75,97.0,0.0,1016.9,89.66666666666667,20.76666666666667,8.083333333333334
2026-03-09 06:00:00,117.16666666666667,701.3333333333334,28.45,56.833333333333336,37.85,35.016666666666666,28.95,96.66666666666667,0.03333333333333333,1019.2833333333333,87.33333333333333,21.599999999999998,9.733333333333333
2026-03-09 12:00:00,104.16666666666667,760.6666666666666,14.700000000000001,69.5,14.683333333333332,14.35,19.533333333333335,100.0,0.75,1020.1,83.33333333333333,19.083333333333332,19.349999999999998
2026-03-09 18:00:00,91.66666666666667,783.8333333333334,18.333333333333332,66.66666666666667,18.666666666666668,18.516666666666666,20.033333333333335,100.0,0.05000000000000001,1022.7833333333333,70.83333333333333,18.25,13.1
2026-03-10 00:00:00,79.33333333333333,586.5,17.266666666666666,60.833333333333336,19.383333333333336,19.2,18.916666666666668,84.83333333333333,0.0,1023.4166666666666,67.0,17.283333333333335,11.683333333333332
2026-03-10 06:00:00,64.0,678.8333333333334,12.733333333333334,78.83333333333333,8.166666666666666,8.0,17.416666666666668,23.666666666666668,0.0,1024.2166666666667,61.333333333333336,17.683333333333334,11.733333333333334
2026-03-10 12:00:00,60.833333333333336,686.3333333333334,6.8999999999999995,145.33333333333334,12.266666666666666,12.183333333333332,16.75,5.0,0.0,1019.3333333333334,55.833333333333336,21.366666666666664,10.383333333333333
2026-03-10 18:00:00,81.83333333333333,1431.1666666666667,48.5,61.166666666666664,48.916666666666664,48.78333333333333,39.483333333333334,40.833333333333336,0.0,1019.1166666666667,76.0,18.366666666666664,9.450000000000001
2026-03-11 00:00:00,77.16666666666667,833.8333333333334,43.85,32.166666666666664,46.083333333333336,45.166666666666664,41.166666666666664,54.5,0.0,1019.25,93.83333333333333,15.983333333333334,3.3666666666666667
2026-03-11 06:00:00,93.66666666666667,1350.6666666666667,33.800000000000004,53.166666666666664,44.26666666666667,43.050000000000004,42.63333333333333,99.66666666666667,0.016666666666666666,1019.6999999999999,83.33333333333333,17.95,3.6166666666666667
2026-03-11 12:00:00,111.0,873.1666666666666,14.983333333333334,123.33333333333333,40.449999999999996,39.800000000000004,25.5,100.0,0.0,1015.9,65.33333333333333,21.383333333333336,2.55
2026-03-11 18:00:00,132.66666666666666,2413.0,55.833333333333336,59.333333333333336,94.68333333333334,94.11666666666667,50.38333333333333,66.33333333333333,0.0,1016.35,84.5,19.55,3.1666666666666665
2026-03-12 00:00:00,152.5,1091.8333333333333,48.48333333333333,24.666666666666668,93.2,92.75,48.71666666666667,98.83333333333333,0.0,1016.9833333333335,93.0,18.016666666666666,5.5
2026-03-12 06:00:00,158.83333333333334,1547.0,44.96666666666667,40.5,88.08333333333333,87.63333333333333,69.26666666666667,100.0,0.016666666666666666,1019.1833333333334,83.16666666666667,19.816666666666666,3.233333333333333
2026-03-12 12:00:00,162.83333333333334,690.0,15.916666666666666,136.83333333333334,46.76666666666667,46.18333333333334,40.199999999999996,69.66666666666667,0.0,1015.7666666666668,56.0,23.96666666666667,6.3
2026-03-12 18:00:00,163.66666666666666,1041.1666666666667,64.28333333333333,50.0,109.93333333333334,109.18333333333334,54.51666666666667,18.166666666666668,0.0,1016.8166666666666,78.33333333333333,19.866666666666667,8.016666666666667
2026-03-13 00:00:00,166.16666666666666,1740.1666666666667,68.75,18.666666666666668,120.01666666666667,119.05,64.0,76.83333333333333,0.016666666666666666,1018.2666666666668,92.0,17.833333333333332,2.4166666666666665
2026-03-13 06:00:00,168.66666666666666,1457.8333333333333,41.98333333333333,63.833333333333336,85.86666666666667,83.85000000000001,62.65,34.833333333333336,0.0,1020.2833333333333,78.83333333333333,20.150000000000002,4.183333333333334
2026-03-13 12:00:00,167.33333333333334,478.1666666666667,12.083333333333334,159.66666666666666,34.03333333333333,32.93333333333333,25.633333333333336,16.666666666666668,0.0,1017.0,49.166666666666664,24.266666666666666,12.166666666666666
2026-03-13 18:00:00,163.33333333333334,813.1666666666666,40.983333333333334,77.83333333333333,56.666666666666664,55.28333333333333,36.083333333333336,58.0,0.0,1018.35,78.33333333333333,19.883333333333333,7.483333333333333
2026-03-14 00:00:00,156.5,786.1666666666666,50.43333333333334,38.5,84.51666666666667,77.41666666666667,48.63333333333333,99.83333333333333,0.0,1018.3833333333333,87.0,19.150000000000002,3.5833333333333335
2026-03-14 06:00:00,151.83333333333334,679.5,45.78333333333333,56.166666666666664,63.449999999999996,56.01666666666667,48.15,87.0,0.05000000000000001,1020.2333333333332,80.66666666666667,20.516666666666666,7.183333333333333
2026-03-14 12:00:00,148.0,429.1666666666667,21.016666666666666,103.33333333333333,27.583333333333332,25.0,20.433333333333334,93.16666666666667,0.0,1017.5,65.5,23.03333333333333,11.799999999999999
2026-03-14 18:00:00,143.0,679.8333333333334,47.9,50.166666666666664,54.0,49.166666666666664,36.4,31.0,0.0,1018.4666666666667,79.83333333333333,20.400000000000002,9.516666666666667
2026-03-15 00:00:00,140.33333333333334,485.1666666666667,63.73333333333333,19.166666666666668,82.25,73.48333333333333,53.333333333333336,94.5,0.016666666666666666,1018.0166666666668,89.5,19.45,3.966666666666667
2026-03-15 06:00:00,139.0,608.1666666666666,42.06666666666667,52.833333333333336,68.18333333333334,60.15,45.48333333333333,82.66666666666667,0.03333333333333333,1019.4666666666667,83.0,21.216666666666665,7.266666666666667
2026-03-15 12:00:00,142.16666666666666,392.8333333333333,14.416666666666666,130.66666666666666,32.63333333333333,30.75,28.516666666666666,65.33333333333333,0.016666666666666666,1016.0333333333333,69.33333333333333,23.95,12.049999999999999
2026-03-15 18:00:00,144.83333333333334,578.0,47.28333333333333,47.166666666666664,50.21666666666667,48.23333333333333,40.81666666666666,34.666666666666664,0.0,1016.3833333333333,88.33333333333333,20.849999999999998,10.483333333333334
2026-03-16 00:00:00,140.0,397.3333333333333,52.63333333333333,19.666666666666668,59.68333333333334,56.199999999999996,42.86666666666667,32.0,0.0,1015.0,96.5,19.716666666666665,9.866666666666667
2026-03-16 06:00:00,128.83333333333334,466.6666666666667,30.75,58.666666666666664,47.23333333333333,44.78333333333333,36.5,63.166666666666664,0.03333333333333333,1016.0666666666666,82.83333333333333,22.099999999999998,12.549999999999999
2026-03-16 12:00:00,121.5,322.3333333333333,10.083333333333334,120.83333333333333,22.916666666666668,21.516666666666666,22.333333333333332,45.166666666666664,0.13333333333333333,1012.5,64.16666666666667,25.46666666666667,15.966666666666667
2026-03-16 18:00:00,112.5,473.0,28.366666666666664,71.5,25.833333333333332,23.333333333333332,32.63333333333333,2.6666666666666665,0.0,1012.4833333333332,80.66666666666667,22.066666666666666,15.0
2026-03-17 00:00:00,95.66666666666667,350.6666666666667,31.099999999999998,50.833333333333336,29.983333333333334,26.316666666666666,31.28333333333333,25.333333333333332,0.0,1012.0666666666666,92.5,20.3,12.333333333333334
2026-03-17 06:00:00,79.83333333333333,371.8333333333333,23.666666666666668,67.5,28.933333333333334,24.599999999999998,27.683333333333334,54.5,0.0,1013.2666666666668,82.0,23.099999999999998,17.516666666666666
2026-03-17 12:00:00,75.16666666666667,314.5,11.0,111.0,24.683333333333334,22.55,21.46666666666667,57.166666666666664,0.0,1010.1833333333334,64.83333333333333,26.28333333333333,18.516666666666666
2026-03-17 18:00:00,76.0,429.3333333333333,29.53333333333333,57.5,25.7,23.21666666666667,33.46666666666666,10.166666666666666,0.0,1011.3833333333333,82.0,22.7,13.983333333333334
2026-03-18 00:00:00,76.16666666666667,321.3333333333333,36.35,29.5,32.766666666666666,29.416666666666668,33.733333333333334,7.333333333333333,0.0,1011.1166666666667,93.5,21.150000000000002,10.416666666666666
2026-03-18 06:00:00,82.16666666666667,493.0,37.36666666666667,34.166666666666664,50.38333333333333,45.25,44.38333333333333,39.333333333333336,0.0,1013.5333333333333,82.66666666666667,23.483333333333334,10.716666666666667
2026-03-18 12:00:00,93.83333333333333,340.0,22.45,85.16666666666667,46.15,43.050000000000004,34.1,85.16666666666667,0.0,1010.7166666666667,68.66666666666667,26.599999999999998,13.816666666666668
2026-03-18 18:00:00,102.66666666666667,451.3333333333333,35.21666666666667,48.833333333333336,36.18333333333333,33.31666666666667,36.28333333333333,36.166666666666664,0.0,1011.75,87.33333333333333,23.566666666666666,13.166666666666666
2026-03-19 00:00:00,107.0,389.3333333333333,37.93333333333333,29.333333333333332,39.81666666666667,35.416666666666664,33.916666666666664,50.5,0.0,1010.9166666666666,96.66666666666667,22.0,10.75
2026-03-19 06:00:00,112.16666666666667,429.1666666666667,35.5,35.166666666666664,56.800000000000004,53.199999999999996,40.46666666666667,83.66666666666667,0.0,1012.6999999999999,85.0,24.03333333333333,13.85
2026-03-19 12:00:00,113.33333333333333,319.6666666666667,17.566666666666666,92.83333333333333,40.983333333333334,38.766666666666666,30.349999999999998,76.66666666666667,0.0,1008.6666666666666,64.83333333333333,27.78333333333333,17.5
2026-03-19 18:00:00,109.5,395.0,28.483333333333334,57.0,27.183333333333334,25.233333333333334,32.15,11.166666666666666,0.0,1008.85,85.16666666666667,23.21666666666667,16.183333333333334
2026-03-20 00:00:00,105.5,302.5,30.03333333333333,37.333333333333336,32.333333333333336,29.650000000000002,30.166666666666668,91.66666666666667,0.0,1008.9833333333332,94.16666666666667,22.28333333333333,14.066666666666668
2026-03-20 06:00:00,98.5,461.1666666666667,32.300000000000004,37.0,41.46666666666667,38.18333333333333,36.65,100.0,0.05000000000000001,1011.9333333333334,87.0,23.933333333333334,10.933333333333332
2026-03-20 12:00:00,95.83333333333333,334.6666666666667,23.683333333333334,75.66666666666667,48.050000000000004,45.0,34.96666666666667,93.66666666666667,0.016666666666666666,1009.6333333333333,73.16666666666667,26.8,15.416666666666666
2026-03-20 18:00:00,100.16666666666667,407.6666666666667,30.633333333333336,55.0,35.96666666666667,32.733333333333334,31.150000000000002,100.0,0.0,1011.7166666666667,86.66666666666667,24.116666666666664,13.450000000000001
2026-03-21 00:00:00,103.16666666666667,318.8333333333333,30.733333333333334,49.5,35.65,32.9,27.0,100.0,0.0,1012.0500000000001,87.33333333333333,23.133333333333336,12.5
2026-03-21 06:00:00,104.5,436.5,36.166666666666664,42.0,38.983333333333334,37.15,31.633333333333336,100.0,0.05000000000000001,1014.1999999999999,83.16666666666667,23.766666666666666,13.799999999999999
2026-03-21 12:00:00,101.83333333333333,381.6666666666667,23.150000000000002,86.16666666666667,41.71666666666667,39.333333333333336,28.316666666666666,100.0,0.0,1011.7833333333333,75.66666666666667,25.316666666666666,16.666666666666668
2026-03-21 18:00:00,101.0,505.3333333333333,32.016666666666666,62.333333333333336,42.666666666666664,40.53333333333333,33.18333333333333,90.66666666666667,0.0,1011.9166666666666,88.33333333333333,22.833333333333332,11.733333333333334
2026-03-22 00:00:00,109.0,407.6666666666667,31.3,44.166666666666664,50.199999999999996,48.03333333333333,32.266666666666666,92.0,0.0,1010.85,96.66666666666667,21.799999999999997,9.466666666666667
2026-03-22 06:00:00,117.0,410.6666666666667,29.96666666666667,41.166666666666664,45.15,43.03333333333333,31.95,82.0,0.0,1012.3666666666667,82.83333333333333,24.666666666666668,16.099999999999998
2026-03-22 12:00:00,115.5,312.6666666666667,16.233333333333334,80.66666666666667,30.016666666666666,27.96666666666667,27.666666666666668,77.0,0.0,1010.0500000000001,64.66666666666667,27.75,17.333333333333332
2026-03-22 18:00:00,107.16666666666667,405.6666666666667,35.1,37.833333333333336,28.266666666666666,25.983333333333334,33.4,49.833333333333336,0.10000000000000002,1011.3166666666666,85.5,23.616666666666664,13.133333333333333
2026-03-23 00:00:00,98.0,312.0,35.949999999999996,25.5,34.56666666666667,31.616666666666664,32.96666666666667,89.5,0.016666666666666666,1010.3833333333333,95.83333333333333,22.5,13.950000000000001
2026-03-23 06:00:00,89.83333333333333,387.8333333333333,33.35,27.333333333333332,35.38333333333333,33.53333333333333,36.333333333333336,99.83333333333333,0.05000000000000001,1011.4499999999999,86.16666666666667,24.433333333333334,15.200000000000001
2026-03-23 12:00:00,87.5,323.6666666666667,16.333333333333332,87.33333333333333,30.0,28.7,29.25,47.666666666666664,0.016666666666666666,1008.3000000000001,67.66666666666667,28.016666666666666,16.833333333333332
2026-03-23 18:00:00,89.83333333333333,429.1666666666667,31.150000000000002,46.5,33.28333333333333,30.916666666666668,31.333333333333332,84.5,0.0,1009.2666666666668,85.0,24.366666666666664,13.4
2026-03-24 00:00:00,91.16666666666667,335.8333333333333,34.96666666666667,27.166666666666668,37.71666666666667,34.06666666666667,33.199999999999996,100.0,0.03333333333333333,1008.9499999999999,94.5,23.05,9.566666666666666
2026-03-24 06:00:00,94.16666666666667,445.8333333333333,37.28333333333333,23.833333333333332,45.75,42.1,39.56666666666666,95.5,0.03333333333333333,1010.4,84.83333333333333,25.28333333333333,13.266666666666666
2026-03-24 12:00:00,101.16666666666667,353.6666666666667,27.316666666666666,69.83333333333333,50.46666666666667,47.6,37.63333333333333,64.5,0.03333333333333333,1007.3833333333333,66.16666666666667,28.666666666666668,14.883333333333335
2026-03-24 18:00:00,110.5,573.0,38.25,44.0,39.21666666666667,37.65,37.449999999999996,49.666666666666664,0.0,1008.5500000000001,85.5,24.816666666666666,12.15
